Model,Accuracy,Precision,Recall,F1-Score
Logistic Regression,0.2353,0.1134290196989947,0.9813976872800402,0.2033545160954266
Random Forest,0.7825,0.21506154960173787,0.4479638009049774,0.29060665362035226
