Model,Accuracy,Precision,Recall,F1-Score
Logistic Regression,0.2353,0.1134290196989947,0.9813976872800402,0.2033545160954266
HistGradientBoosting,0.78835,0.2185148018063221,0.4379084967320261,0.2915481171548117
LightGBM,0.779,0.2172598278669458,0.4695827048768225,0.2970737913486005
Random Forest,0.798,0.2232118758434547,0.4157868275515334,0.2904812082894275
XGBoost,0.76625,0.21192621192621192,0.49673202614379086,0.29709818072470306
