Model,Accuracy,Precision,Recall,F1-Score
Logistic Regression,0.2353,0.1134290196989947,0.9813976872800402,0.2033545160954266
HistGradientBoosting,0.78835,0.2185148018063221,0.4379084967320261,0.2915481171548117
LightGBM,0.779,0.2172598278669458,0.4695827048768225,0.2970737913486005
Random Forest,0.798,0.22321187584345478,0.41578682755153346,0.2904812082894275
