Model,Accuracy,Precision,Recall,F1-Score
Logistic Regression,0.2353,0.1134290196989947,0.9813976872800402,0.2033545160954266
Random Forest,0.7825,0.2150615496017378,0.4479638009049774,0.2906066536203522
HistGradientBoosting,0.78835,0.21851480180632213,0.43790849673202614,0.2915481171548117
