Model,Accuracy,Precision,Recall,F1-Score
Logistic Regression,0.2353,0.1134290196989947,0.9813976872800402,0.2033545160954266
HistGradientBoosting,0.78835,0.2185148018063221,0.4379084967320261,0.2915481171548117
LightGBM,0.7812,0.2177819815559233,0.4630467571644042,0.2962367320681891
Random Forest,0.792,0.2218806046630796,0.4353946706887883,0.2939579090291921
XGBoost,0.7583,0.20975311160987553,0.5168426344896934,0.2984034833091437
