Model,Accuracy,Precision,Recall,F1-Score
Logistic Regression,0.2353,0.1134290196989947,0.9813976872800402,0.2033545160954266
HistGradientBoosting,0.78835,0.2185148018063221,0.4379084967320261,0.2915481171548117
Random Forest,0.798,0.2232118758434547,0.4157868275515334,0.2904812082894275
XGBoost,0.76625,0.2119262119262119,0.4967320261437908,0.297098180724703
LightGBM,0.7812,0.21778198155592338,0.46304675716440424,0.2962367320681891
