Model,Accuracy,Precision,Recall,F1-Score,ROC-AUC
Logistic Regression,0.2353,0.1134290196989947,0.9813976872800402,0.2033545160954266,
HistGradientBoosting,0.78835,0.2185148018063221,0.4379084967320261,0.2915481171548117,
LightGBM,0.7812,0.2177819815559233,0.4630467571644042,0.2962367320681891,
XGBoost,0.7583,0.2097531116098755,0.5168426344896934,0.2984034833091437,
Random Forest,0.7607,0.2066289070694357,0.4952237305178482,0.2915926583777383,0.6426204711109034
